customer_classification,Recency,Frequency,Monetary,Numcustomer,%NumBuyers,Customers
0,70.36373537,52.47808331,91643.40215,3673,84.46,Platinum
1,5.4,1881.6,13544642.2,5,0.11,Gold
2,3,2053,35536194,1,0.02,Silver
3,8.743902439,384.1585366,1798996.451,82,1.89,Bronse
4,5.75,1694.375,6296495.813,16,0.37,Timber
5,13.88111888,247.1276224,545232.6643,572,13.15,Wood
